emp_no,titles
10001,Sales Executive
10002,Research Scientist
10003,Laboratory Technician
10004,Research Scientist
10005,Laboratory Technician
10006,Laboratory Technician
10007,Laboratory Technician
10008,Laboratory Technician
10009,Manufacturing Director
10010,Healthcare Representative
10011,Laboratory Technician
10012,Laboratory Technician
10013,Research Scientist
10014,Laboratory Technician
10015,Laboratory Technician
10016,Manufacturing Director
10017,Research Scientist
10018,Laboratory Technician
10019,Manager
10020,Research Scientist
10021,Manufacturing Director
10022,Sales Representative
10023,Research Director
10024,Research Scientist
10025,Research Scientist
10026,Manager
10027,Research Scientist
10028,Sales Executive
10029,Healthcare Representative
10030,Manager
10031,Laboratory Technician
10032,Healthcare Representative
10033,Laboratory Technician
10034,Sales Representative
10035,Research Scientist
10036,Research Scientist
10037,Sales Representative
10038,Sales Representative
10039,Research Scientist
10040,Sales Executive
10041,Laboratory Technician
10042,Laboratory Technician
10043,Laboratory Technician
10044,Sales Executive
10045,Laboratory Technician
10046,Research Director
10047,Sales Executive
10048,Research Scientist
10049,Sales Executive
10050,Laboratory Technician
10051,Laboratory Technician
10052,Laboratory Technician
10053,Sales Executive
10054,Healthcare Representative
10055,Sales Executive
10056,Research Director
10057,Sales Executive
10058,Laboratory Technician
10059,Laboratory Technician
10060,Manufacturing Director
10061,Manufacturing Director
10062,Laboratory Technician
10063,Research Director
10064,Sales Executive
10065,Healthcare Representative
10066,Manager
10067,Manufacturing Director
10068,Research Scientist
10069,Research Scientist
10070,Research Scientist
10071,Sales Executive
10072,Research Scientist
10073,Research Scientist
10074,Research Scientist
10075,Laboratory Technician
10076,Manufacturing Director
10077,Sales Executive
10078,Research Director
10079,Research Director
10080,Human Resources
10081,Laboratory Technician
10082,Research Scientist
10083,Sales Executive
10084,Research Scientist
10085,Manufacturing Director
10086,Manufacturing Director
10087,Sales Representative
10088,Laboratory Technician
10089,Healthcare Representative
10090,Sales Executive
10091,Healthcare Representative
10092,Sales Executive
10093,Sales Executive
10094,Healthcare Representative
10095,Sales Executive
10096,Research Director
10097,Sales Executive
10098,Sales Executive
10099,Sales Executive
10100,Laboratory Technician
10101,Human Resources
10102,Research Scientist
10103,Laboratory Technician
10104,Research Scientist
10105,Healthcare Representative
10106,Manager
10107,Research Director
10108,Sales Executive
10109,Research Scientist
10110,Laboratory Technician
10111,Healthcare Representative
10112,Laboratory Technician
10113,Manager
10114,Laboratory Technician
10115,Research Scientist
10116,Sales Executive
10117,Manager
10118,Sales Executive
10119,Laboratory Technician
10120,Manager
10121,Research Scientist
10122,Sales Executive
10123,Research Scientist
10124,Research Director
10125,Sales Executive
10126,Research Scientist
10127,Healthcare Representative
10128,Sales Representative
10129,Laboratory Technician
10130,Manufacturing Director
10131,Research Scientist
10132,Sales Executive
10133,Sales Executive
10134,Sales Executive
10135,Human Resources
10136,Manufacturing Director
10137,Manufacturing Director
10138,Sales Executive
10139,Sales Executive
10140,Human Resources
10141,Laboratory Technician
10142,Research Scientist
10143,Research Scientist
10144,Research Scientist
10145,Sales Executive
10146,Research Scientist
10147,Laboratory Technician
10148,Manager
10149,Laboratory Technician
10150,Laboratory Technician
10151,Research Scientist
10152,Sales Executive
10153,Sales Representative
10154,Laboratory Technician
10155,Sales Executive
10156,Manufacturing Director
10157,Manufacturing Director
10158,Research Scientist
10159,Sales Executive
10160,Sales Representative
10161,Research Scientist
10162,Research Scientist
10163,Research Scientist
10164,Healthcare Representative
10165,Research Scientist
10166,Manager
10167,Research Scientist
10168,Sales Executive
10169,Sales Executive
10170,Research Scientist
10171,Research Scientist
10172,Sales Representative
10173,Laboratory Technician
10174,Laboratory Technician
10175,Sales Executive
10176,Research Scientist
10177,Research Scientist
10178,Laboratory Technician
10179,Sales Executive
10180,Laboratory Technician
10181,Research Scientist
10182,Research Scientist
10183,Sales Representative
10184,Laboratory Technician
10185,Manufacturing Director
10186,Research Scientist
10187,Manager
10188,Research Director
10189,Manufacturing Director
10190,Healthcare Representative
10191,Manager
10192,Research Scientist
10193,Manufacturing Director
10194,Research Scientist
10195,Manager
10196,Research Scientist
10197,Laboratory Technician
10198,Manufacturing Director
10199,Manufacturing Director
10200,Manufacturing Director
10201,Manufacturing Director
10202,Manufacturing Director
10203,Research Scientist
10204,Laboratory Technician
10205,Healthcare Representative
10206,Sales Executive
10207,Research Scientist
10208,Laboratory Technician
10209,Healthcare Representative
10210,Healthcare Representative
10211,Sales Executive
10212,Manufacturing Director
10213,Sales Executive
10214,Research Director
10215,Research Scientist
10216,Manager
10217,Sales Executive
10218,Research Scientist
10219,Sales Executive
10220,Sales Executive
10221,Laboratory Technician
10222,Research Scientist
10223,Research Director
10224,Sales Executive
10225,Manufacturing Director
10226,Research Scientist
10227,Sales Representative
10228,Sales Executive
10229,Sales Executive
10230,Research Scientist
10231,Laboratory Technician
10232,Manager
10233,Human Resources
10234,Manager
10235,Laboratory Technician
10236,Manager
10237,Laboratory Technician
10238,Manager
10239,Sales Representative
10240,Laboratory Technician
10241,Laboratory Technician
10242,Sales Executive
10243,Research Scientist
10244,Research Scientist
10245,Manager
10246,Research Director
10247,Research Scientist
10248,Manufacturing Director
10249,Research Scientist
10250,Manufacturing Director
10251,Manufacturing Director
10252,Healthcare Representative
10253,Research Scientist
10254,Research Scientist
10255,Sales Executive
10256,Manufacturing Director
10257,Laboratory Technician
10258,Research Director
10259,Research Scientist
10260,Laboratory Technician
10261,Laboratory Technician
10262,Sales Executive
10263,Laboratory Technician
10264,Manager
10265,Laboratory Technician
10266,Sales Executive
10267,Healthcare Representative
10268,Healthcare Representative
10269,Healthcare Representative
10270,Laboratory Technician
10271,Manager
10272,Manager
10273,Research Scientist
10274,Sales Executive
10275,Research Scientist
10276,Research Director
10277,Manager
10278,Sales Executive
10279,Manufacturing Director
10280,Research Director
10281,Research Director
10282,Sales Executive
10283,Sales Executive
10284,Laboratory Technician
10285,Healthcare Representative
10286,Research Scientist
10287,Laboratory Technician
10288,Healthcare Representative
10289,Laboratory Technician
10290,Research Scientist
10291,Research Director
10292,Research Scientist
10293,Sales Representative
10294,Sales Executive
10295,Research Scientist
10296,Sales Executive
10297,Laboratory Technician
10298,Sales Executive
10299,Laboratory Technician
10300,Manufacturing Director
10301,Manager
10302,Sales Representative
10303,Healthcare Representative
10304,Sales Executive
10305,Healthcare Representative
10306,Laboratory Technician
10307,Sales Executive
10308,Research Director
10309,Healthcare Representative
10310,Research Scientist
10311,Human Resources
10312,Laboratory Technician
10313,Research Scientist
10314,Manager
10315,Manager
10316,Laboratory Technician
10317,Healthcare Representative
10318,Research Scientist
10319,Research Scientist
10320,Sales Executive
10321,Sales Executive
10322,Sales Executive
10323,Research Scientist
10324,Research Scientist
10325,Research Scientist
10326,Manufacturing Director
10327,Manager
10328,Sales Executive
10329,Sales Executive
10330,Research Director
10331,Laboratory Technician
10332,Sales Executive
10333,Research Scientist
10334,Healthcare Representative
10335,Research Scientist
10336,Sales Executive
10337,Laboratory Technician
10338,Laboratory Technician
10339,Sales Executive
10340,Sales Executive
10341,Manufacturing Director
10342,Research Director
10343,Manufacturing Director
10344,Sales Executive
10345,Manufacturing Director
10346,Research Scientist
10347,Manufacturing Director
10348,Sales Representative
10349,Research Director
10350,Sales Executive
10351,Human Resources
10352,Laboratory Technician
10353,Manager
10354,Research Scientist
10355,Sales Executive
10356,Sales Executive
10357,Healthcare Representative
10358,Sales Representative
10359,Sales Executive
10360,Sales Executive
10361,Healthcare Representative
10362,Laboratory Technician
10363,Sales Representative
10364,Sales Representative
10365,Laboratory Technician
10366,Manufacturing Director
10367,Sales Executive
10368,Healthcare Representative
10369,Sales Executive
10370,Research Scientist
10371,Sales Representative
10372,Research Scientist
10373,Healthcare Representative
10374,Laboratory Technician
10375,Sales Executive
10376,Healthcare Representative
10377,Sales Executive
10378,Research Scientist
10379,Sales Executive
10380,Manager
10381,Sales Executive
10382,Sales Representative
10383,Research Scientist
10384,Research Scientist
10385,Sales Executive
10386,Research Scientist
10387,Laboratory Technician
10388,Sales Executive
10389,Laboratory Technician
10390,Manufacturing Director
10391,Research Director
10392,Laboratory Technician
10393,Research Director
10394,Sales Executive
10395,Manufacturing Director
10396,Laboratory Technician
10397,Healthcare Representative
10398,Sales Executive
10399,Research Scientist
10400,Laboratory Technician
10401,Manager
10402,Sales Executive
10403,Sales Executive
10404,Sales Executive
10405,Laboratory Technician
10406,Laboratory Technician
10407,Manufacturing Director
10408,Research Scientist
10409,Manager
10410,Research Scientist
10411,Manufacturing Director
10412,Manager
10413,Manufacturing Director
10414,Healthcare Representative
10415,Sales Representative
10416,Sales Representative
10417,Laboratory Technician
10418,Manager
10419,Research Scientist
10420,Laboratory Technician
10421,Research Director
10422,Research Scientist
10423,Human Resources
10424,Sales Executive
10425,Manager
10426,Manager
10427,Laboratory Technician
10428,Sales Executive
10429,Manufacturing Director
10430,Research Director
10431,Laboratory Technician
10432,Laboratory Technician
10433,Research Scientist
10434,Sales Executive
10435,Manufacturing Director
10436,Manager
10437,Laboratory Technician
10438,Sales Representative
10439,Healthcare Representative
10440,Healthcare Representative
10441,Human Resources
10442,Laboratory Technician
10443,Sales Executive
10444,Laboratory Technician
10445,Sales Executive
10446,Manager
10447,Sales Executive
10448,Sales Executive
10449,Manufacturing Director
10450,Laboratory Technician
10451,Sales Executive
10452,Manufacturing Director
10453,Sales Executive
10454,Human Resources
10455,Manufacturing Director
10456,Research Director
10457,Manager
10458,Sales Representative
10459,Sales Executive
10460,Healthcare Representative
10461,Sales Executive
10462,Sales Executive
10463,Sales Executive
10464,Laboratory Technician
10465,Manufacturing Director
10466,Healthcare Representative
10467,Manager
10468,Sales Executive
10469,Research Scientist
10470,Sales Executive
10471,Sales Representative
10472,Healthcare Representative
10473,Manufacturing Director
10474,Research Director
10475,Research Scientist
10476,Sales Executive
10477,Laboratory Technician
10478,Manager
10479,Sales Representative
10480,Laboratory Technician
10481,Sales Representative
10482,Research Scientist
10483,Sales Executive
10484,Laboratory Technician
10485,Sales Executive
10486,Research Scientist
10487,Sales Executive
10488,Research Scientist
10489,Healthcare Representative
10490,Research Director
10491,Research Scientist
10492,Laboratory Technician
10493,Manager
10494,Human Resources
10495,Sales Representative
10496,Sales Representative
10497,Sales Representative
10498,Manager
10499,Research Scientist
10500,Sales Executive
10501,Research Scientist
10502,Research Scientist
10503,Sales Executive
10504,Research Scientist
10505,Sales Executive
10506,Laboratory Technician
10507,Manufacturing Director
10508,Sales Executive
10509,Research Scientist
10510,Healthcare Representative
10511,Human Resources
10512,Manufacturing Director
10513,Research Scientist
10514,Research Scientist
10515,Research Scientist
10516,Laboratory Technician
10517,Research Scientist
10518,Sales Executive
10519,Sales Executive
10520,Research Scientist
10521,Sales Executive
10522,Sales Executive
10523,Research Scientist
10524,Laboratory Technician
10525,Healthcare Representative
10526,Sales Executive
10527,Healthcare Representative
10528,Sales Executive
10529,Sales Executive
10530,Healthcare Representative
10531,Manufacturing Director
10532,Research Director
10533,Sales Executive
10534,Sales Executive
10535,Research Director
10536,Manager
10537,Sales Executive
10538,Manufacturing Director
10539,Manager
10540,Sales Representative
10541,Research Scientist
10542,Research Director
10543,Manufacturing Director
10544,Laboratory Technician
10545,Sales Executive
10546,Sales Executive
10547,Sales Representative
10548,Research Scientist
10549,Sales Executive
10550,Healthcare Representative
10551,Laboratory Technician
10552,Human Resources
10553,Healthcare Representative
10554,Research Scientist
10555,Healthcare Representative
10556,Sales Representative
10557,Laboratory Technician
10558,Healthcare Representative
10559,Laboratory Technician
10560,Research Scientist
10561,Manufacturing Director
10562,Manager
10563,Research Scientist
10564,Sales Executive
10565,Sales Representative
10566,Research Scientist
10567,Sales Executive
10568,Sales Executive
10569,Manager
10570,Sales Executive
10571,Research Scientist
10572,Laboratory Technician
10573,Healthcare Representative
10574,Sales Executive
10575,Research Scientist
10576,Manufacturing Director
10577,Sales Executive
10578,Research Scientist
10579,Manufacturing Director
10580,Research Scientist
10581,Sales Representative
10582,Laboratory Technician
10583,Healthcare Representative
10584,Sales Executive
10585,Manager
10586,Laboratory Technician
10587,Laboratory Technician
10588,Laboratory Technician
10589,Research Director
10590,Laboratory Technician
10591,Research Director
10592,Sales Executive
10593,Manager
10594,Manufacturing Director
10595,Research Scientist
10596,Research Director
10597,Research Scientist
10598,Manufacturing Director
10599,Research Scientist
10600,Human Resources
10601,Manufacturing Director
10602,Laboratory Technician
10603,Manufacturing Director
10604,Research Scientist
10605,Manufacturing Director
10606,Healthcare Representative
10607,Research Scientist
10608,Sales Executive
10609,Sales Executive
10610,Research Director
10611,Research Director
10612,Manufacturing Director
10613,Sales Executive
10614,Human Resources
10615,Research Scientist
10616,Research Scientist
10617,Manager
10618,Healthcare Representative
10619,Research Scientist
10620,Sales Executive
10621,Research Scientist
10622,Sales Executive
10623,Sales Executive
10624,Research Scientist
10625,Sales Executive
10626,Sales Executive
10627,Research Scientist
10628,Manufacturing Director
10629,Sales Executive
10630,Human Resources
10631,Manufacturing Director
10632,Laboratory Technician
10633,Research Scientist
10634,Human Resources
10635,Sales Executive
10636,Manufacturing Director
10637,Research Scientist
10638,Laboratory Technician
10639,Sales Executive
10640,Research Scientist
10641,Laboratory Technician
10642,Sales Executive
10643,Sales Representative
10644,Laboratory Technician
10645,Research Scientist
10646,Sales Representative
10647,Sales Executive
10648,Manufacturing Director
10649,Sales Representative
10650,Research Director
10651,Healthcare Representative
10652,Sales Executive
10653,Sales Executive
10654,Manager
10655,Human Resources
10656,Human Resources
10657,Laboratory Technician
10658,Laboratory Technician
10659,Research Scientist
10660,Sales Executive
10661,Laboratory Technician
10662,Manufacturing Director
10663,Sales Representative
10664,Research Scientist
10665,Healthcare Representative
10666,Sales Representative
10667,Manufacturing Director
10668,Laboratory Technician
10669,Research Scientist
10670,Laboratory Technician
10671,Research Scientist
10672,Laboratory Technician
10673,Sales Executive
10674,Research Scientist
10675,Healthcare Representative
10676,Sales Representative
10677,Healthcare Representative
10678,Laboratory Technician
10679,Research Scientist
10680,Sales Executive
10681,Research Scientist
10682,Research Director
10683,Laboratory Technician
10684,Sales Representative
10685,Sales Executive
10686,Sales Executive
10687,Laboratory Technician
10688,Laboratory Technician
10689,Sales Representative
10690,Laboratory Technician
10691,Healthcare Representative
10692,Research Scientist
10693,Manufacturing Director
10694,Sales Executive
10695,Healthcare Representative
10696,Sales Executive
10697,Laboratory Technician
10698,Sales Representative
10699,Sales Executive
10700,Manager
10701,Research Scientist
10702,Manager
10703,Sales Executive
10704,Sales Executive
10705,Sales Executive
10706,Sales Executive
10707,Sales Executive
10708,Manufacturing Director
10709,Sales Executive
10710,Research Scientist
10711,Manager
10712,Research Scientist
10713,Research Scientist
10714,Laboratory Technician
10715,Research Director
10716,Healthcare Representative
10717,Research Director
10718,Laboratory Technician
10719,Laboratory Technician
10720,Sales Executive
10721,Research Scientist
10722,Manufacturing Director
10723,Research Scientist
10724,Manufacturing Director
10725,Manufacturing Director
10726,Laboratory Technician
10727,Manufacturing Director
10728,Research Scientist
10729,Manufacturing Director
10730,Healthcare Representative
10731,Research Director
10732,Research Scientist
10733,Laboratory Technician
10734,Manufacturing Director
10735,Laboratory Technician
10736,Healthcare Representative
10737,Healthcare Representative
10738,Manufacturing Director
10739,Manufacturing Director
10740,Manufacturing Director
10741,Laboratory Technician
10742,Manager
10743,Laboratory Technician
10744,Manufacturing Director
10745,Healthcare Representative
10746,Healthcare Representative
10747,Research Director
10748,Sales Executive
10749,Sales Executive
10750,Manager
10751,Sales Executive
10752,Sales Executive
10753,Laboratory Technician
10754,Manufacturing Director
10755,Sales Representative
10756,Manager
10757,Laboratory Technician
10758,Sales Executive
10759,Manager
10760,Human Resources
10761,Sales Executive
10762,Laboratory Technician
10763,Research Scientist
10764,Sales Representative
10765,Sales Representative
10766,Research Scientist
10767,Research Director
10768,Healthcare Representative
10769,Sales Executive
10770,Research Scientist
10771,Research Director
10772,Sales Executive
10773,Research Scientist
10774,Manufacturing Director
10775,Manager
10776,Sales Executive
10777,Sales Representative
10778,Laboratory Technician
10779,Research Scientist
10780,Research Scientist
10781,Healthcare Representative
10782,Laboratory Technician
10783,Manufacturing Director
10784,Research Scientist
10785,Healthcare Representative
10786,Healthcare Representative
10787,Laboratory Technician
10788,Manufacturing Director
10789,Research Scientist
10790,Human Resources
10791,Healthcare Representative
10792,Sales Executive
10793,Research Scientist
10794,Laboratory Technician
10795,Healthcare Representative
10796,Sales Executive
10797,Laboratory Technician
10798,Laboratory Technician
10799,Research Scientist
10800,Manager
10801,Laboratory Technician
10802,Sales Executive
10803,Sales Executive
10804,Research Scientist
10805,Manager
10806,Sales Executive
10807,Healthcare Representative
10808,Sales Executive
10809,Research Scientist
10810,Manufacturing Director
10811,Manager
10812,Sales Executive
10813,Manufacturing Director
10814,Healthcare Representative
10815,Research Director
10816,Research Scientist
10817,Laboratory Technician
10818,Manufacturing Director
10819,Sales Representative
10820,Research Scientist
10821,Sales Executive
10822,Sales Executive
10823,Manufacturing Director
10824,Research Scientist
10825,Laboratory Technician
10826,Manufacturing Director
10827,Human Resources
10828,Research Scientist
10829,Laboratory Technician
10830,Sales Executive
10831,Laboratory Technician
10832,Laboratory Technician
10833,Healthcare Representative
10834,Research Scientist
10835,Sales Executive
10836,Human Resources
10837,Sales Executive
10838,Research Director
10839,Sales Executive
10840,Sales Executive
10841,Laboratory Technician
10842,Laboratory Technician
10843,Laboratory Technician
10844,Laboratory Technician
10845,Sales Executive
10846,Research Scientist
10847,Manufacturing Director
10848,Healthcare Representative
10849,Laboratory Technician
10850,Sales Executive
10851,Sales Representative
10852,Manager
10853,Laboratory Technician
10854,Research Scientist
10855,Research Scientist
10856,Manufacturing Director
10857,Laboratory Technician
10858,Research Scientist
10859,Manager
10860,Research Scientist
10861,Research Scientist
10862,Manager
10863,Research Scientist
10864,Human Resources
10865,Research Scientist
10866,Sales Executive
10867,Sales Executive
10868,Manager
10869,Laboratory Technician
10870,Research Director
10871,Sales Executive
10872,Laboratory Technician
10873,Sales Executive
10874,Laboratory Technician
10875,Laboratory Technician
10876,Research Scientist
10877,Sales Representative
10878,Manufacturing Director
10879,Human Resources
10880,Sales Executive
10881,Laboratory Technician
10882,Research Scientist
10883,Manufacturing Director
10884,Research Scientist
10885,Sales Executive
10886,Sales Executive
10887,Research Scientist
10888,Research Director
10889,Sales Executive
10890,Research Scientist
10891,Manufacturing Director
10892,Research Scientist
10893,Research Scientist
10894,Research Scientist
10895,Research Director
10896,Healthcare Representative
10897,Healthcare Representative
10898,Sales Executive
10899,Research Director
10900,Manager
10901,Research Scientist
10902,Laboratory Technician
10903,Research Scientist
10904,Healthcare Representative
10905,Research Director
10906,Research Director
10907,Research Scientist
10908,Manager
10909,Sales Executive
10910,Research Scientist
10911,Research Scientist
10912,Sales Representative
10913,Research Scientist
10914,Manager
10915,Healthcare Representative
10916,Laboratory Technician
10917,Manager
10918,Sales Executive
10919,Manager
10920,Manufacturing Director
10921,Laboratory Technician
10922,Laboratory Technician
10923,Manager
10924,Human Resources
10925,Research Scientist
10926,Research Scientist
10927,Sales Executive
10928,Manufacturing Director
10929,Healthcare Representative
10930,Laboratory Technician
10931,Laboratory Technician
10932,Manufacturing Director
10933,Laboratory Technician
10934,Research Scientist
10935,Research Scientist
10936,Sales Executive
10937,Manager
10938,Manager
10939,Research Scientist
10940,Laboratory Technician
10941,Research Scientist
10942,Laboratory Technician
10943,Healthcare Representative
10944,Human Resources
10945,Laboratory Technician
10946,Research Director
10947,Sales Executive
10948,Sales Executive
10949,Manager
10950,Manufacturing Director
10951,Sales Executive
10952,Sales Executive
10953,Sales Representative
10954,Laboratory Technician
10955,Manager
10956,Manager
10957,Manager
10958,Research Scientist
10959,Healthcare Representative
10960,Research Scientist
10961,Sales Executive
10962,Research Scientist
10963,Manager
10964,Sales Executive
10965,Sales Executive
10966,Laboratory Technician
10967,Manufacturing Director
10968,Laboratory Technician
10969,Sales Executive
10970,Manufacturing Director
10971,Sales Representative
10972,Manufacturing Director
10973,Laboratory Technician
10974,Laboratory Technician
10975,Sales Executive
10976,Sales Executive
10977,Manufacturing Director
10978,Research Scientist
10979,Healthcare Representative
10980,Laboratory Technician
10981,Sales Representative
10982,Sales Executive
10983,Research Scientist
10984,Healthcare Representative
10985,Sales Executive
10986,Manufacturing Director
10987,Sales Executive
10988,Sales Executive
10989,Research Scientist
10990,Research Scientist
10991,Sales Executive
10992,Sales Executive
10993,Healthcare Representative
10994,Sales Executive
10995,Manufacturing Director
10996,Research Scientist
10997,Sales Executive
10998,Research Scientist
10999,Research Scientist
11000,Manager
11001,Laboratory Technician
11002,Laboratory Technician
11003,Manufacturing Director
11004,Laboratory Technician
11005,Laboratory Technician
11006,Human Resources
11007,Laboratory Technician
11008,Healthcare Representative
11009,Research Director
11010,Research Director
11011,Research Director
11012,Sales Executive
11013,Sales Representative
11014,Sales Executive
11015,Research Director
11016,Research Scientist
11017,Research Scientist
11018,Laboratory Technician
11019,Laboratory Technician
11020,Sales Executive
11021,Research Scientist
11022,Sales Representative
11023,Laboratory Technician
11024,Research Scientist
11025,Research Director
11026,Sales Executive
11027,Sales Executive
11028,Laboratory Technician
11029,Research Scientist
11030,Laboratory Technician
11031,Sales Executive
11032,Sales Executive
11033,Laboratory Technician
11034,Manufacturing Director
11035,Healthcare Representative
11036,Human Resources
11037,Laboratory Technician
11038,Manufacturing Director
11039,Sales Executive
11040,Human Resources
11041,Research Director
11042,Sales Executive
11043,Laboratory Technician
11044,Research Director
11045,Healthcare Representative
11046,Research Scientist
11047,Research Scientist
11048,Sales Executive
11049,Sales Executive
11050,Sales Executive
11051,Laboratory Technician
11052,Sales Executive
11053,Research Scientist
11054,Research Scientist
11055,Healthcare Representative
11056,Research Director
11057,Sales Representative
11058,Sales Executive
11059,Sales Executive
11060,Sales Representative
11061,Laboratory Technician
11062,Sales Representative
11063,Manufacturing Director
11064,Sales Executive
11065,Human Resources
11066,Healthcare Representative
11067,Laboratory Technician
11068,Sales Executive
11069,Laboratory Technician
11070,Research Scientist
11071,Sales Executive
11072,Laboratory Technician
11073,Laboratory Technician
11074,Manufacturing Director
11075,Healthcare Representative
11076,Manager
11077,Manager
11078,Research Scientist
11079,Research Director
11080,Manufacturing Director
11081,Manager
11082,Healthcare Representative
11083,Laboratory Technician
11084,Laboratory Technician
11085,Sales Executive
11086,Research Scientist
11087,Research Director
11088,Sales Representative
11089,Laboratory Technician
11090,Research Scientist
11091,Healthcare Representative
11092,Manufacturing Director
11093,Research Scientist
11094,Healthcare Representative
11095,Sales Executive
11096,Laboratory Technician
11097,Manager
11098,Laboratory Technician
11099,Healthcare Representative
11100,Healthcare Representative
11101,Sales Representative
11102,Research Scientist
11103,Sales Representative
11104,Sales Executive
11105,Research Scientist
11106,Sales Executive
11107,Sales Executive
11108,Human Resources
11109,Laboratory Technician
11110,Sales Executive
11111,Laboratory Technician
11112,Manufacturing Director
11113,Manufacturing Director
11114,Research Scientist
11115,Research Scientist
11116,Research Scientist
11117,Manager
11118,Research Scientist
11119,Research Scientist
11120,Sales Executive
11121,Sales Executive
11122,Sales Executive
11123,Laboratory Technician
11124,Healthcare Representative
11125,Sales Executive
11126,Healthcare Representative
11127,Manager
11128,Research Scientist
11129,Laboratory Technician
11130,Manager
11131,Laboratory Technician
11132,Healthcare Representative
11133,Sales Executive
11134,Laboratory Technician
11135,Laboratory Technician
11136,Manager
11137,Laboratory Technician
11138,Research Scientist
11139,Healthcare Representative
11140,Research Scientist
11141,Research Director
11142,Research Scientist
11143,Laboratory Technician
11144,Sales Executive
11145,Sales Executive
11146,Manufacturing Director
11147,Manufacturing Director
11148,Laboratory Technician
11149,Manufacturing Director
11150,Laboratory Technician
11151,Research Scientist
11152,Manufacturing Director
11153,Research Scientist
11154,Sales Representative
11155,Manager
11156,Laboratory Technician
11157,Manufacturing Director
11158,Healthcare Representative
11159,Manufacturing Director
11160,Manufacturing Director
11161,Manufacturing Director
11162,Manufacturing Director
11163,Sales Executive
11164,Research Scientist
11165,Manufacturing Director
11166,Human Resources
11167,Manager
11168,Sales Executive
11169,Research Scientist
11170,Research Scientist
11171,Research Scientist
11172,Laboratory Technician
11173,Sales Executive
11174,Healthcare Representative
11175,Manufacturing Director
11176,Manufacturing Director
11177,Research Director
11178,Research Director
11179,Sales Representative
11180,Research Scientist
11181,Laboratory Technician
11182,Healthcare Representative
11183,Manufacturing Director
11184,Healthcare Representative
11185,Manager
11186,Research Director
11187,Sales Executive
11188,Research Scientist
11189,Sales Executive
11190,Sales Executive
11191,Research Scientist
11192,Sales Executive
11193,Laboratory Technician
11194,Laboratory Technician
11195,Manager
11196,Manager
11197,Sales Executive
11198,Sales Representative
11199,Sales Executive
11200,Healthcare Representative
11201,Human Resources
11202,Laboratory Technician
11203,Laboratory Technician
11204,Healthcare Representative
11205,Sales Representative
11206,Laboratory Technician
11207,Laboratory Technician
11208,Research Scientist
11209,Laboratory Technician
11210,Healthcare Representative
11211,Laboratory Technician
11212,Sales Executive
11213,Research Scientist
11214,Sales Representative
11215,Healthcare Representative
11216,Research Scientist
11217,Sales Executive
11218,Research Scientist
11219,Sales Executive
11220,Laboratory Technician
11221,Sales Representative
11222,Healthcare Representative
11223,Human Resources
11224,Sales Executive
11225,Laboratory Technician
11226,Research Director
11227,Research Scientist
11228,Laboratory Technician
11229,Human Resources
11230,Manufacturing Director
11231,Laboratory Technician
11232,Healthcare Representative
11233,Manufacturing Director
11234,Research Scientist
11235,Sales Executive
11236,Sales Executive
11237,Sales Executive
11238,Sales Executive
11239,Laboratory Technician
11240,Manufacturing Director
11241,Laboratory Technician
11242,Sales Executive
11243,Manager
11244,Human Resources
11245,Research Scientist
11246,Human Resources
11247,Human Resources
11248,Sales Executive
11249,Research Scientist
11250,Sales Representative
11251,Healthcare Representative
11252,Sales Executive
11253,Research Scientist
11254,Sales Executive
11255,Sales Executive
11256,Sales Executive
11257,Laboratory Technician
11258,Sales Executive
11259,Research Scientist
11260,Healthcare Representative
11261,Research Scientist
11262,Healthcare Representative
11263,Research Scientist
11264,Laboratory Technician
11265,Research Director
11266,Research Scientist
11267,Laboratory Technician
11268,Sales Executive
11269,Manufacturing Director
11270,Human Resources
11271,Sales Executive
11272,Sales Representative
11273,Laboratory Technician
11274,Laboratory Technician
11275,Sales Executive
11276,Manager
11277,Sales Executive
11278,Research Director
11279,Healthcare Representative
11280,Research Scientist
11281,Human Resources
11282,Sales Executive
11283,Research Scientist
11284,Research Scientist
11285,Research Director
11286,Sales Executive
11287,Laboratory Technician
11288,Healthcare Representative
11289,Manufacturing Director
11290,Human Resources
11291,Laboratory Technician
11292,Manufacturing Director
11293,Sales Executive
11294,Research Scientist
11295,Healthcare Representative
11296,Sales Executive
11297,Manufacturing Director
11298,Human Resources
11299,Healthcare Representative
11300,Healthcare Representative
11301,Sales Executive
11302,Manager
11303,Laboratory Technician
11304,Manufacturing Director
11305,Healthcare Representative
11306,Research Scientist
11307,Sales Executive
11308,Research Scientist
11309,Sales Representative
11310,Sales Executive
11311,Research Director
11312,Research Scientist
11313,Human Resources
11314,Human Resources
11315,Sales Executive
11316,Research Scientist
11317,Sales Executive
11318,Laboratory Technician
11319,Laboratory Technician
11320,Sales Executive
11321,Research Scientist
11322,Laboratory Technician
11323,Manufacturing Director
11324,Human Resources
11325,Healthcare Representative
11326,Laboratory Technician
11327,Sales Executive
11328,Sales Executive
11329,Sales Representative
11330,Human Resources
11331,Manager
11332,Research Director
11333,Research Scientist
11334,Sales Executive
11335,Research Scientist
11336,Research Scientist
11337,Research Scientist
11338,Sales Representative
11339,Sales Representative
11340,Research Scientist
11341,Sales Executive
11342,Laboratory Technician
11343,Sales Executive
11344,Laboratory Technician
11345,Research Scientist
11346,Manufacturing Director
11347,Manufacturing Director
11348,Human Resources
11349,Manager
11350,Research Scientist
11351,Sales Executive
11352,Manager
11353,Healthcare Representative
11354,Research Scientist
11355,Laboratory Technician
11356,Sales Executive
11357,Sales Executive
11358,Research Director
11359,Sales Executive
11360,Sales Executive
11361,Laboratory Technician
11362,Laboratory Technician
11363,Healthcare Representative
11364,Sales Executive
11365,Sales Executive
11366,Sales Representative
11367,Sales Executive
11368,Research Scientist
11369,Research Scientist
11370,Sales Executive
11371,Research Scientist
11372,Sales Executive
11373,Manufacturing Director
11374,Research Scientist
11375,Manager
11376,Research Scientist
11377,Research Scientist
11378,Research Director
11379,Sales Executive
11380,Human Resources
11381,Sales Executive
11382,Research Scientist
11383,Research Scientist
11384,Laboratory Technician
11385,Sales Executive
11386,Sales Executive
11387,Laboratory Technician
11388,Healthcare Representative
11389,Healthcare Representative
11390,Research Scientist
11391,Laboratory Technician
11392,Sales Representative
11393,Sales Executive
11394,Sales Executive
11395,Manufacturing Director
11396,Sales Executive
11397,Sales Executive
11398,Research Scientist
11399,Healthcare Representative
11400,Healthcare Representative
11401,Human Resources
11402,Manager
11403,Laboratory Technician
11404,Sales Executive
11405,Research Scientist
11406,Research Director
11407,Manufacturing Director
11408,Healthcare Representative
11409,Laboratory Technician
11410,Laboratory Technician
11411,Sales Executive
11412,Human Resources
11413,Laboratory Technician
11414,Laboratory Technician
11415,Healthcare Representative
11416,Laboratory Technician
11417,Sales Executive
11418,Sales Representative
11419,Manufacturing Director
11420,Research Scientist
11421,Research Scientist
11422,Research Director
11423,Laboratory Technician
11424,Research Scientist
11425,Research Scientist
11426,Healthcare Representative
11427,Laboratory Technician
11428,Laboratory Technician
11429,Sales Representative
11430,Research Scientist
11431,Research Director
11432,Sales Executive
11433,Research Director
11434,Sales Executive
11435,Sales Representative
11436,Research Scientist
11437,Sales Representative
11438,Manager
11439,Sales Representative
11440,Sales Executive
11441,Manufacturing Director
11442,Healthcare Representative
11443,Research Scientist
11444,Manager
11445,Laboratory Technician
11446,Manufacturing Director
11447,Sales Executive
11448,Sales Executive
11449,Sales Executive
11450,Research Scientist
11451,Human Resources
11452,Sales Executive
11453,Sales Executive
11454,Sales Executive
11455,Sales Executive
11456,Research Scientist
11457,Healthcare Representative
11458,Research Scientist
11459,Research Scientist
11460,Laboratory Technician
11461,Research Scientist
11462,Sales Executive
11463,Sales Executive
11464,Manufacturing Director
11465,Sales Representative
11466,Laboratory Technician
11467,Healthcare Representative
11468,Manufacturing Director
11469,Sales Executive
11470,Laboratory Technician
